사용월,호선명,역ID,지하철역,유임승차,무임승차,유임하차,무임하차,작업일시,구
15-Apr,1호선,156,신설동,"405,736","397,490","405,736","397,490",2015-05-14 17:56,동대문구
15-Apr,1호선,151,시청,"661,468","667,648","661,468","667,648",2015-05-14 17:56,중구
15-Apr,1호선,154,종로5가,"574,108","584,534","574,108","584,534",2015-05-14 17:56,종로구
15-Apr,1호선,158,청량리(지하),"596,596","623,362","596,596","623,362",2015-05-14 17:56,동대문구
15-Apr,1호선,155,동대문,"361,972","422,268","361,972","422,268",2015-05-14 17:56,종로구
15-Apr,1호선,153,종로3가,"760,938","690,626","760,938","690,626",2015-05-14 17:56,종로구
15-Apr,1호선,157,제기동,"297,007","295,731","297,007","295,731",2015-05-14 17:56,동대문구
15-Apr,1호선,150,서울역,"1,676,648","1,520,709","1,676,648","1,520,709",2015-05-14 17:56,중구
15-Apr,1호선,159,동묘앞,"167,983","186,859","167,983","186,859",2015-05-14 17:56,종로구
15-Apr,1호선,152,종각,"1,254,011","1,172,311","1,254,011","1,172,311",2015-05-14 17:56,종로구
15-Apr,2호선,205,동대문역사문화공원,"496,214","575,847","496,214","575,847",2015-05-14 17:56,중구
15-Apr,2호선,247,도림천,"25,019","29,351","25,019","29,351",2015-05-14 17:56,구로구
15-Apr,2호선,237,당산,"675,943","738,293","675,943","738,293",2015-05-14 17:56,영등포구
15-Apr,2호선,236,영등포구청,"562,472","567,191","562,472","567,191",2015-05-14 17:56,영등포구
15-Apr,2호선,209,한양대,"415,550","492,943","415,550","492,943",2015-05-14 17:56,성동구
15-Apr,2호선,215,잠실나루,"482,560","461,222","482,560","461,222",2015-05-14 17:56,송파구
15-Apr,2호선,225,방배,"619,659","629,908","619,659","629,908",2015-05-14 17:56,서초구
15-Apr,2호선,214,강변,"1,425,513","1,407,363","1,425,513","1,407,363",2015-05-14 17:56,광진구
15-Apr,2호선,201,시청,"717,817","703,710","717,817","703,710",2015-05-14 17:56,중구
15-Apr,2호선,227,낙성대,"846,594","812,722","846,594","812,722",2015-05-14 17:56,관악구
15-Apr,2호선,204,을지로4가,"298,598","298,729","298,598","298,729",2015-05-14 17:56,중구
15-Apr,2호선,245,신답,"31,194","36,498","31,194","36,498",2015-05-14 17:56,성동구
15-Apr,2호선,248,양천구청,"184,073","196,271","184,073","196,271",2015-05-14 17:56,양천구
15-Apr,2호선,226,사당,"1,202,443","1,367,282","1,202,443","1,367,282",2015-05-14 17:56,동작구
15-Apr,2호선,231,신대방,"712,355","676,757","712,355","676,757",2015-05-14 17:56,관악구
15-Apr,2호선,219,삼성,"1,708,784","1,780,402","1,708,784","1,780,402",2015-05-14 17:56,강남구
15-Apr,2호선,224,서초,"628,940","636,547","628,940","636,547",2015-05-14 17:56,서초구
15-Apr,2호선,249,신정네거리,"275,492","269,665","275,492","269,665",2015-05-14 17:56,양천구
15-Apr,2호선,229,봉천,"594,057","535,138","594,057","535,138",2015-05-14 17:56,관악구
15-Apr,2호선,234,신도림,"1,852,924","1,847,980","1,852,924","1,847,980",2015-05-14 17:56,구로구
15-Apr,2호선,208,왕십리(성동구청),"589,784","485,553","589,784","485,553",2015-05-14 17:56,성동구
15-Apr,2호선,244,용답,"62,427","64,964","62,427","64,964",2015-05-14 17:56,성동구
15-Apr,2호선,206,신당,"354,822","374,640","354,822","374,640",2015-05-14 17:56,중구
15-Apr,2호선,217,신천,"715,371","691,670","715,371","691,670",2015-05-14 17:56,송파구
15-Apr,2호선,235,문래,"510,970","518,271","510,970","518,271",2015-05-14 17:56,영등포구
15-Apr,2호선,238,합정,"976,159","980,681","976,159","980,681",2015-05-14 17:56,마포구
15-Apr,2호선,250,용두,"46,391","49,134","46,391","49,134",2015-05-14 17:56,동대문구
15-Apr,2호선,240,신촌,"1,435,917","1,472,741","1,435,917","1,472,741",2015-05-14 17:56,마포구
15-Apr,2호선,210,뚝섬,"429,744","454,196","429,744","454,196",2015-05-14 17:56,성동구
15-Apr,2호선,218,종합운동장,"511,477","584,870","511,477","584,870",2015-05-14 17:56,송파구
15-Apr,2호선,228,서울대입구,"1,462,296","1,431,575","1,462,296","1,431,575",2015-05-14 17:56,관악구
15-Apr,2호선,212,건대입구,"1,311,804","1,423,964","1,311,804","1,423,964",2015-05-14 17:56,광진구
15-Apr,2호선,216,잠실,"2,372,992","2,151,715","2,372,992","2,151,715",2015-05-14 17:56,송파구
15-Apr,2호선,233,대림,"840,926","875,706","840,926","875,706",2015-05-14 17:56,구로구
15-Apr,2호선,241,이대,"685,734","727,840","685,734","727,840",2015-05-14 17:56,마포구
15-Apr,2호선,242,아현,"249,942","217,488","249,942","217,488",2015-05-14 17:56,마포구
15-Apr,2호선,207,상왕십리,"263,109","247,126","263,109","247,126",2015-05-14 17:56,성동구
15-Apr,2호선,211,성수,"649,128","719,975","649,128","719,975",2015-05-14 17:56,성동구
15-Apr,2호선,232,구로디지털단지,"1,813,560","1,816,854","1,813,560","1,816,854",2015-05-14 17:56,구로구
15-Apr,2호선,243,충정로,"297,989","328,597","297,989","328,597",2015-05-14 17:56,서대문구
15-Apr,2호선,246,신설동,"92,166","87,747","92,166","87,747",2015-05-14 17:56,동대문구
15-Apr,2호선,213,구의,"624,602","609,048","624,602","609,048",2015-05-14 17:56,광진구
15-Apr,2호선,221,역삼,"1,259,824","1,417,431","1,259,824","1,417,431",2015-05-14 17:56,강남구
15-Apr,2호선,222,강남,"2,827,674","2,822,580","2,827,674","2,822,580",2015-05-14 17:56,강남구
15-Apr,2호선,223,교대,"1,029,945","1,152,495","1,029,945","1,152,495",2015-05-14 17:56,서초구
15-Apr,2호선,202,을지로입구,"1,461,440","1,453,444","1,461,440","1,453,444",2015-05-14 17:56,중구
15-Apr,2호선,203,을지로3가,"512,673","496,511","512,673","496,511",2015-05-14 17:56,중구
15-Apr,2호선,220,선릉,"1,476,444","1,278,180","1,476,444","1,278,180",2015-05-14 17:56,강남구
15-Apr,2호선,230,신림,"2,019,614","1,952,714","2,019,614","1,952,714",2015-05-14 17:56,관악구
15-Apr,2호선,239,홍대입구,"2,068,501","2,201,325","2,068,501","2,201,325",2015-05-14 17:56,마포구
15-Apr,3호선,338,일원,"238,913","250,107","238,913","250,107",2015-05-14 17:56,강남구
15-Apr,3호선,337,대청,"295,632","256,176","295,632","256,176",2015-05-14 17:56,강남구
15-Apr,3호선,315,무악재,"100,282","96,363","100,282","96,363",2015-05-14 17:56,서대문구
15-Apr,3호선,318,안국,"765,908","823,018","765,908","823,018",2015-05-14 17:56,종로구
15-Apr,3호선,325,옥수,"269,919","276,862","269,919","276,862",2015-05-14 17:56,성동구
15-Apr,3호선,319,종로3가,"192,103","265,040","192,103","265,040",2015-05-14 17:56,종로구
15-Apr,3호선,309,지축,"29,351","29,472","29,351","29,472",2015-05-14 17:56,
15-Apr,3호선,312,불광,"452,440","491,889","452,440","491,889",2015-05-14 17:56,은평구
15-Apr,3호선,323,약수,"367,610","350,029","367,610","350,029",2015-05-14 17:56,중구
15-Apr,3호선,342,오금,"188,046","164,739","188,046","164,739",2015-05-14 17:56,송파구
15-Apr,3호선,335,대치,"298,594","278,195","298,594","278,195",2015-05-14 17:56,강남구
15-Apr,3호선,317,경복궁,"726,709","775,317","726,709","775,317",2015-05-14 17:56,종로구
15-Apr,3호선,327,신사,"887,132","977,889","887,132","977,889",2015-05-14 17:56,강남구
15-Apr,3호선,340,가락시장,"213,069","193,279","213,069","193,279",2015-05-14 17:56,송파구
15-Apr,3호선,324,금호,"195,861","176,541","195,861","176,541",2015-05-14 17:56,성동구
15-Apr,3호선,329,고속터미널,"1,523,125","1,582,316","1,523,125","1,582,316",2015-05-14 17:56,서초구
15-Apr,3호선,314,홍제,"512,396","478,543","512,396","478,543",2015-05-14 17:56,서대문구
15-Apr,3호선,334,도곡,"202,223","187,979","202,223","187,979",2015-05-14 17:56,강남구
15-Apr,3호선,339,수서,"302,147","310,193","302,147","310,193",2015-05-14 17:56,강남구
15-Apr,3호선,330,교대,"382,738","294,960","382,738","294,960",2015-05-14 17:56,서초구
15-Apr,3호선,320,을지로3가,"218,629","257,134","218,629","257,134",2015-05-14 17:56,중구
15-Apr,3호선,326,압구정,"949,332","1,063,433","949,332","1,063,433",2015-05-14 17:56,강남구
15-Apr,3호선,311,연신내,"1,046,468","974,026","1,046,468","974,026",2015-05-14 17:56,은평구
15-Apr,3호선,316,독립문,"173,964","182,081","173,964","182,081",2015-05-14 17:56,서대문구
15-Apr,3호선,332,양재,"1,191,871","1,264,377","1,191,871","1,264,377",2015-05-14 17:56,서초구
15-Apr,3호선,341,경찰병원,"192,872","189,303","192,872","189,303",2015-05-14 17:56,송파구
15-Apr,3호선,313,녹번,"387,437","325,053","387,437","325,053",2015-05-14 17:56,은평구
15-Apr,3호선,322,동대입구,"353,775","409,108","353,775","409,108",2015-05-14 17:56,중구
15-Apr,3호선,333,매봉,"312,172","296,935","312,172","296,935",2015-05-14 17:56,강남구
15-Apr,3호선,336,학여울,"84,346","88,963","84,346","88,963",2015-05-14 17:56,강남구
15-Apr,3호선,321,충무로,40,0,40,0,2015-05-14 17:56,중구
15-Apr,3호선,331,남부터미널,"983,527","1,028,803","983,527","1,028,803",2015-05-14 17:56,서초구
15-Apr,3호선,310,구파발,"461,417","364,208","461,417","364,208",2015-05-14 17:56,은평구
15-Apr,3호선,328,잠원,"149,673","144,065","149,673","144,065",2015-05-14 17:56,서초구
15-Apr,4호선,421,동대문,"616,635","653,550","616,635","653,550",2015-05-14 17:56,종로구
15-Apr,4호선,416,미아사거리,"879,513","844,696","879,513","844,696",2015-05-14 17:56,강북구
15-Apr,4호선,426,서울역,"309,385","569,366","309,385","569,366",2015-05-14 17:56,용산구
15-Apr,4호선,415,미아,"487,716","434,121","487,716","434,121",2015-05-14 17:56,강북구
15-Apr,4호선,418,성신여대입구,"762,652","688,819","762,652","688,819",2015-05-14 17:56,성북구
15-Apr,4호선,420,혜화,"1,189,475","1,244,212","1,189,475","1,244,212",2015-05-14 17:56,종로구
15-Apr,4호선,434,남태령,"29,431","23,255","29,431","23,255",2015-05-14 17:56,서초구
15-Apr,4호선,414,수유(강북구청),"1,214,062","1,174,066","1,214,062","1,174,066",2015-05-14 17:56,강북구
15-Apr,4호선,429,신용산,"356,036","384,598","356,036","384,598",2015-05-14 17:56,용산구
15-Apr,4호선,419,한성대입구,"489,045","469,025","489,045","469,025",2015-05-14 17:56,성북구
15-Apr,4호선,424,명동,"1,198,833","1,301,585","1,198,833","1,301,585",2015-05-14 17:56,중구
15-Apr,4호선,410,상계,"569,419","496,976","569,419","496,976",2015-05-14 17:56,노원구
15-Apr,4호선,409,당고개,"322,775","298,498","322,775","298,498",2015-05-14 17:56,노원구
15-Apr,4호선,425,회현,"717,685","782,885","717,685","782,885",2015-05-14 17:56,중구
15-Apr,4호선,417,길음,"797,435","767,292","797,435","767,292",2015-05-14 17:56,성북구
15-Apr,4호선,427,숙대입구,"534,971","527,471","534,971","527,471",2015-05-14 17:56,용산구
15-Apr,4호선,430,이촌,"238,398","272,912","238,398","272,912",2015-05-14 17:56,용산구
15-Apr,4호선,428,삼각지,"137,520","171,957","137,520","171,957",2015-05-14 17:56,용산구
15-Apr,4호선,413,쌍문,"891,352","747,706","891,352","747,706",2015-05-14 17:56,도봉구
15-Apr,4호선,423,충무로,"975,218","991,432","975,218","991,432",2015-05-14 17:56,중구
15-Apr,4호선,431,동작,"73,702","83,759","73,702","83,759",2015-05-14 17:56,동작구
15-Apr,4호선,432,총신대입구,"574,135","645,955","574,135","645,955",2015-05-14 17:56,동작구
15-Apr,4호선,433,사당,"979,614","776,782","979,614","776,782",2015-05-14 17:56,동작구
15-Apr,4호선,412,창동,"756,376","832,561","756,376","832,561",2015-05-14 17:56,도봉구
15-Apr,4호선,422,동대문역사문화공원,"628,770","584,157","628,770","584,157",2015-05-14 17:56,중구
15-Apr,4호선,411,노원,"634,521","720,334","634,521","720,334",2015-05-14 17:56,노원구
15-Apr,5호선,2556,올림픽공원,"202,023","201,715","202,023","201,715",2015-05-14 17:56,송파구
15-Apr,5호선,2554,상일동,"312,750","250,458","312,750","250,458",2015-05-14 17:56,강동구
15-Apr,5호선,2534,광화문,"1,026,966","1,077,416","1,026,966","1,077,416",2015-05-14 17:56,종로구
15-Apr,5호선,2516,발산,"299,485","297,492","299,485","297,492",2015-05-14 17:56,강서구
15-Apr,5호선,2523,양평,"163,041","165,584","163,041","165,584",2015-05-14 17:56,영등포구
15-Apr,5호선,2560,거여,"181,570","169,033","181,570","169,033",2015-05-14 17:56,송파구
15-Apr,5호선,2539,신금호,"138,382","135,804","138,382","135,804",2015-05-14 17:56,성동구
15-Apr,5호선,2513,김포공항,"198,472","173,715","198,472","173,715",2015-05-14 17:56,강서구
15-Apr,5호선,2522,오목교,"711,939","772,383","711,939","772,383",2015-05-14 17:56,양천구
15-Apr,5호선,2526,신길,"83,583","99,444","83,583","99,444",2015-05-14 17:56,영등포구
15-Apr,5호선,2514,송정,"275,215","263,684","275,215","263,684",2015-05-14 17:56,강서구
15-Apr,5호선,2519,까치산,"782,710","726,250","782,710","726,250",2015-05-14 17:56,강서구
15-Apr,5호선,2551,굽은다리,"237,147","223,079","237,147","223,079",2015-05-14 17:56,강동구
15-Apr,5호선,2557,방이,"175,884","179,672","175,884","179,672",2015-05-14 17:56,송파구
15-Apr,5호선,2545,군자,"296,680","324,398","296,680","324,398",2015-05-14 17:56,광진구
15-Apr,5호선,2548,천호,"519,507","567,011","519,507","567,011",2015-05-14 17:56,강동구
15-Apr,5호선,2525,영등포시장,"170,654","190,924","170,654","190,924",2015-05-14 17:56,영등포구
15-Apr,5호선,2535,종로3가,"293,497","289,905","293,497","289,905",2015-05-14 17:56,종로구
15-Apr,5호선,2538,청구,"105,207","103,646","105,207","103,646",2015-05-14 17:56,중구
15-Apr,5호선,2549,강동,"524,807","430,415","524,807","430,415",2015-05-14 17:56,강동구
15-Apr,5호선,2546,아차산,"414,171","388,620","414,171","388,620",2015-05-14 17:56,광진구
15-Apr,5호선,2515,마곡,"79,086","61,856","79,086","61,856",2015-05-14 17:56,강서구
15-Apr,5호선,2528,여의나루,"427,772","501,786","427,772","501,786",2015-05-14 17:56,영등포구
15-Apr,5호선,2550,길동,"176,730","186,243","176,730","186,243",2015-05-14 17:56,강동구
15-Apr,5호선,2511,방화,"183,870","174,865","183,870","174,865",2015-05-14 17:56,강서구
15-Apr,5호선,2512,개화산,"147,125","134,803","147,125","134,803",2015-05-14 17:56,강서구
15-Apr,5호선,2521,목동,"519,206","542,030","519,206","542,030",2015-05-14 17:56,양천구
15-Apr,5호선,2532,충정로,"137,968","144,124","137,968","144,124",2015-05-14 17:56,서대문구
15-Apr,5호선,2541,왕십리(성동구청),"132,448","167,426","132,448","167,426",2015-05-14 17:56,성동구
15-Apr,5호선,2543,답십리,"434,735","395,248","434,735","395,248",2015-05-14 17:56,성동구
15-Apr,5호선,2524,영등포구청,"86,298","88,052","86,298","88,052",2015-05-14 17:56,영등포구
15-Apr,5호선,2552,명일,"220,049","216,702","220,049","216,702",2015-05-14 17:56,강동구
15-Apr,5호선,2553,고덕,"209,528","209,365","209,528","209,365",2015-05-14 17:56,강동구
15-Apr,5호선,2533,서대문,"486,436","495,822","486,436","495,822",2015-05-14 17:56,종로구
15-Apr,5호선,2536,을지로4가,"112,294","125,721","112,294","125,721",2015-05-14 17:56,중구
15-Apr,5호선,2558,오금,"107,263","108,096","107,263","108,096",2015-05-14 17:56,송파구
15-Apr,5호선,2529,마포,"389,287","407,178","389,287","407,178",2015-05-14 17:56,마포구
15-Apr,5호선,2544,장한평,"487,756","487,624","487,756","487,624",2015-05-14 17:56,동대문구
15-Apr,5호선,2520,신정,"403,118","310,193","403,118","310,193",2015-05-14 17:56,양천구
15-Apr,5호선,2517,우장산,"427,457","410,999","427,457","410,999",2015-05-14 17:56,강서구
15-Apr,5호선,2527,여의도,"693,122","817,209","693,122","817,209",2015-05-14 17:56,영등포구
15-Apr,5호선,2530,공덕,"369,607","396,520","369,607","396,520",2015-05-14 17:56,마포구
15-Apr,5호선,2540,행당,"216,369","186,043","216,369","186,043",2015-05-14 17:56,성동구
15-Apr,5호선,2555,둔촌동,"342,672","337,798","342,672","337,798",2015-05-14 17:56,강동구
15-Apr,5호선,2537,동대문역사문화공원,"80,751","97,766","80,751","97,766",2015-05-14 17:56,중구
15-Apr,5호선,2547,광나루,"433,327","389,195","433,327","389,195",2015-05-14 17:56,광진구
15-Apr,5호선,2561,마천,"137,749","135,158","137,749","135,158",2015-05-14 17:56,송파구
15-Apr,5호선,2559,개롱,"177,308","175,326","177,308","175,326",2015-05-14 17:56,송파구
15-Apr,5호선,2531,애오개,"159,371","164,121","159,371","164,121",2015-05-14 17:56,마포구
15-Apr,5호선,2542,마장,"160,951","157,698","160,951","157,698",2015-05-14 17:56,성동구
15-Apr,5호선,2518,화곡,"764,375","692,553","764,375","692,553",2015-05-14 17:56,강서구
15-Apr,6호선,2644,돌곶이,"248,152","221,371","248,152","221,371",2015-05-14 17:56,성북구
15-Apr,6호선,2627,공덕,"477,804","468,931","477,804","468,931",2015-05-14 17:56,마포구
15-Apr,6호선,2633,버티고개,"67,805","62,497","67,805","62,497",2015-05-14 17:56,중구
15-Apr,6호선,2630,녹사평(용산구청),"196,584","217,753","196,584","217,753",2015-05-14 17:56,용산구
15-Apr,6호선,2616,구산,"198,417","130,729","198,417","130,729",2015-05-14 17:56,은평구
15-Apr,6호선,2642,월곡,"353,862","326,771","353,862","326,771",2015-05-14 17:56,성북구
15-Apr,6호선,2625,광흥창,"238,703","228,140","238,703","228,140",2015-05-14 17:56,마포구
15-Apr,6호선,2629,삼각지,"209,684","167,465","209,684","167,465",2015-05-14 17:56,용산구
15-Apr,6호선,2639,보문,"228,478","199,458","228,478","199,458",2015-05-14 17:56,성북구
15-Apr,6호선,2638,창신,"88,831","77,045","88,831","77,045",2015-05-14 17:56,종로구
15-Apr,6호선,2643,상월곡,"168,776","157,038","168,776","157,038",2015-05-14 17:56,성북구
15-Apr,6호선,2615,연신내,24,0,24,0,2015-05-14 17:56,은평구
15-Apr,6호선,2628,효창공원앞,"213,969","208,886","213,969","208,886",2015-05-14 17:56,용산구
15-Apr,6호선,2618,증산,"265,583","251,424","265,583","251,424",2015-05-14 17:56,은평구
15-Apr,6호선,2635,청구,"95,244","97,847","95,244","97,847",2015-05-14 17:56,중구
15-Apr,6호선,2645,석계,"355,463","360,387","355,463","360,387",2015-05-14 17:56,노원구
15-Apr,6호선,2611,응암,"445,251","429,211","445,251","429,211",2015-05-14 17:56,은평구
15-Apr,6호선,2612,역촌,"80,804","101,663","80,804","101,663",2015-05-14 17:56,은평구
15-Apr,6호선,2641,고려대,"296,573","287,985","296,573","287,985",2015-05-14 17:56,성북구
15-Apr,6호선,2646,태릉입구,"136,722","169,993","136,722","169,993",2015-05-14 17:56,노원구
15-Apr,6호선,2614,독바위,"70,024","74,722","70,024","74,722",2015-05-14 17:56,은평구
15-Apr,6호선,2621,마포구청,"355,852","303,453","355,852","303,453",2015-05-14 17:56,마포구
15-Apr,6호선,2623,합정,"344,178","340,431","344,178","340,431",2015-05-14 17:56,마포구
15-Apr,6호선,2631,이태원,"437,809","494,406","437,809","494,406",2015-05-14 17:56,용산구
15-Apr,6호선,2613,불광,"134,241","138,017","134,241","138,017",2015-05-14 17:56,은평구
15-Apr,6호선,2622,망원,"290,677","307,040","290,677","307,040",2015-05-14 17:56,마포구
15-Apr,6호선,2626,대흥,"230,664","246,677","230,664","246,677",2015-05-14 17:56,마포구
15-Apr,6호선,2636,신당,"212,630","221,974","212,630","221,974",2015-05-14 17:56,중구
15-Apr,6호선,2647,화랑대,"385,051","282,674","385,051","282,674",2015-05-14 17:56,노원구
15-Apr,6호선,2619,디지털미디어시티,"413,880","451,247","413,880","451,247",2015-05-14 17:56,은평구
15-Apr,6호선,2624,상수,"290,255","341,028","290,255","341,028",2015-05-14 17:56,마포구
15-Apr,6호선,2634,약수,"87,461","90,604","87,461","90,604",2015-05-14 17:56,중구
15-Apr,6호선,2648,봉화산(서울의료원),"243,344","224,519","243,344","224,519",2015-05-14 17:56,중랑구
15-Apr,6호선,2617,새절,"371,956","350,341","371,956","350,341",2015-05-14 17:56,은평구
15-Apr,6호선,2620,월드컵경기장,"174,380","189,446","174,380","189,446",2015-05-14 17:56,마포구
15-Apr,6호선,2640,안암,"427,514","441,451","427,514","441,451",2015-05-14 17:56,성북구
15-Apr,6호선,2637,동묘앞,"218,518","223,016","218,518","223,016",2015-05-14 17:56,종로구
15-Apr,6호선,2632,한강진,"156,870","194,709","156,870","194,709",2015-05-14 17:56,용산구
15-Apr,7호선,2724,사가정,"430,442","413,567","430,442","413,567",2015-05-14 17:56,중랑구
15-Apr,7호선,2760,굴포천,"232,269","238,533","232,269","238,533",2015-05-14 17:56,
15-Apr,7호선,2753,까치울,"173,638","150,599","173,638","150,599",2015-05-14 17:56,
15-Apr,7호선,2719,태릉입구,"260,248","245,109","260,248","245,109",2015-05-14 17:56,노원구
15-Apr,7호선,2711,장암,"72,840","23,914","72,840","23,914",2015-05-14 17:56,
15-Apr,7호선,2716,중계,"410,881","367,341","410,881","367,341",2015-05-14 17:56,노원구
15-Apr,7호선,2727,군자,"380,694","278,721","380,694","278,721",2015-05-14 17:56,광진구
15-Apr,7호선,2759,삼산체육관,"150,610","134,330","150,610","134,330",2015-05-14 17:56,
15-Apr,7호선,2714,마들,"295,756","265,185","295,756","265,185",2015-05-14 17:56,노원구
15-Apr,7호선,2735,반포,"169,241","162,451","169,241","162,451",2015-05-14 17:56,서초구
15-Apr,7호선,2726,중곡,"258,855","231,480","258,855","231,480",2015-05-14 17:56,광진구
15-Apr,7호선,2751,천왕,"207,225","185,119","207,225","185,119",2015-05-14 17:56,구로구
15-Apr,7호선,2715,노원,"537,368","597,041","537,368","597,041",2015-05-14 17:56,노원구
15-Apr,7호선,2756,신중동,"394,370","393,364","394,370","393,364",2015-05-14 17:56,
15-Apr,7호선,2728,어린이대공원,"587,831","614,562","587,831","614,562",2015-05-14 17:56,광진구
15-Apr,7호선,2748,가산디지털단지,"1,174,431","1,196,656","1,174,431","1,196,656",2015-05-14 17:56,금천구
15-Apr,7호선,2718,공릉,"360,934","352,478","360,934","352,478",2015-05-14 17:56,노원구
15-Apr,7호선,2725,용마산,"160,217","147,841","160,217","147,841",2015-05-14 17:56,중랑구
15-Apr,7호선,2749,철산,"690,975","691,151","690,975","691,151",2015-05-14 17:56,
15-Apr,7호선,2750,광명사거리,"726,654","686,019","726,654","686,019",2015-05-14 17:56,
15-Apr,7호선,2723,면목,"450,229","428,878","450,229","428,878",2015-05-14 17:56,중랑구
15-Apr,7호선,2754,부천종합운동장,"188,069","175,162","188,069","175,162",2015-05-14 17:56,
15-Apr,7호선,2745,신풍,"306,382","286,304","306,382","286,304",2015-05-14 17:56,영등포구
15-Apr,7호선,2729,건대입구,"508,782","547,746","508,782","547,746",2015-05-14 17:56,광진구
15-Apr,7호선,2739,남성,"300,246","271,143","300,246","271,143",2015-05-14 17:56,동작구
15-Apr,7호선,2747,남구로,"446,324","467,732","446,324","467,732",2015-05-14 17:56,구로구
15-Apr,7호선,2734,논현,"552,951","614,272","552,951","614,272",2015-05-14 17:56,강남구
15-Apr,7호선,2738,이수,"448,543","443,890","448,543","443,890",2015-05-14 17:56,동작구
15-Apr,7호선,2757,부천시청,"335,181","344,153","335,181","344,153",2015-05-14 17:56,
15-Apr,7호선,2713,수락산,"361,749","345,265","361,749","345,265",2015-05-14 17:56,노원구
15-Apr,7호선,2722,상봉,"487,593","453,942","487,593","453,942",2015-05-14 17:56,중랑구
15-Apr,7호선,2731,청담,"603,974","710,819","603,974","710,819",2015-05-14 17:56,강남구
15-Apr,7호선,2737,내방,"377,862","394,085","377,862","394,085",2015-05-14 17:56,서초구
15-Apr,7호선,2712,도봉산,"320,245","296,027","320,245","296,027",2015-05-14 17:56,도봉구
15-Apr,7호선,2721,중화,"319,296","300,425","319,296","300,425",2015-05-14 17:56,중랑구
15-Apr,7호선,2733,학동,"641,825","727,309","641,825","727,309",2015-05-14 17:56,강남구
15-Apr,7호선,2741,상도,"316,733","309,119","316,733","309,119",2015-05-14 17:56,동작구
15-Apr,7호선,2742,장승배기,"262,797","249,359","262,797","249,359",2015-05-14 17:56,동작구
15-Apr,7호선,2743,신대방삼거리,"406,966","378,674","406,966","378,674",2015-05-14 17:56,동작구
15-Apr,7호선,2755,춘의,"221,652","217,101","221,652","217,101",2015-05-14 17:56,
15-Apr,7호선,2744,보라매,"266,533","268,017","266,533","268,017",2015-05-14 17:56,동작구
15-Apr,7호선,2740,숭실대입구,"514,100","503,581","514,100","503,581",2015-05-14 17:56,동작구
15-Apr,7호선,2746,대림,"296,552","297,454","296,552","297,454",2015-05-14 17:56,구로구
15-Apr,7호선,2717,하계,"548,642","515,340","548,642","515,340",2015-05-14 17:56,노원구
15-Apr,7호선,2720,먹골,"264,237","251,135","264,237","251,135",2015-05-14 17:56,중랑구
15-Apr,7호선,2730,뚝섬유원지,"271,137","260,138","271,137","260,138",2015-05-14 17:56,광진구
15-Apr,7호선,2761,부평구청,"343,036","256,122","343,036","256,122",2015-05-14 17:56,
15-Apr,7호선,2732,강남구청,"462,788","512,187","462,788","512,187",2015-05-14 17:56,강남구
15-Apr,7호선,2736,고속터미널,"562,534","498,765","562,534","498,765",2015-05-14 17:56,서초구
15-Apr,7호선,2758,상동,"386,509","399,224","386,509","399,224",2015-05-14 17:56,
15-Apr,7호선,2752,온수,"330,068","312,025","330,068","312,025",2015-05-14 17:56,구로구
15-Apr,8호선,2818,가락시장,"153,518","185,930","153,518","185,930",2015-05-14 17:56,송파구
15-Apr,8호선,2811,암사,"455,860","394,174","455,860","394,174",2015-05-14 17:56,강동구
15-Apr,8호선,2826,수진,"123,107","111,287","123,107","111,287",2015-05-14 17:56,
15-Apr,8호선,2825,신흥,"121,640","125,746","121,640","125,746",2015-05-14 17:56,
15-Apr,8호선,2819,문정,"152,324","143,747","152,324","143,747",2015-05-14 17:56,송파구
15-Apr,8호선,2815,잠실,"285,052","353,872","285,052","353,872",2015-05-14 17:56,송파구
15-Apr,8호선,2813,강동구청,"270,259","279,632","270,259","279,632",2015-05-14 17:56,강동구
15-Apr,8호선,2822,산성,"198,742","189,798","198,742","189,798",2015-05-14 17:56,
15-Apr,8호선,2812,천호,"519,744","573,947","519,744","573,947",2015-05-14 17:56,강동구
15-Apr,8호선,2824,단대오거리,"357,940","323,204","357,940","323,204",2015-05-14 17:56,
15-Apr,8호선,2823,남한산성입구,"422,249","391,001","422,249","391,001",2015-05-14 17:56,
15-Apr,8호선,2816,석촌,"233,131","252,238","233,131","252,238",2015-05-14 17:56,송파구
15-Apr,8호선,2821,복정,"236,190","173,861","236,190","173,861",2015-05-14 17:56,송파구
15-Apr,8호선,2827,모란,"101,208","77,960","101,208","77,960",2015-05-14 17:56,
15-Apr,8호선,2814,몽촌토성,"182,647","197,826","182,647","197,826",2015-05-14 17:56,송파구
15-Apr,8호선,2817,송파,"140,304","142,576","140,304","142,576",2015-05-14 17:56,송파구
15-Apr,8호선,2820,장지,"338,643","322,967","338,643","322,967",2015-05-14 17:56,송파구
15-Apr,9호선,4113,당산,"460,420","436,444","460,420","436,444",2015-05-14 17:56,영등포구
15-Apr,9호선,4106,양천향교,"183,307","180,293","183,307","180,293",2015-05-14 17:56,강서구
15-Apr,9호선,4125,신논현,"842,378","816,013","842,378","816,013",2015-05-14 17:56,강남구
15-Apr,9호선,4109,등촌,"268,319","259,822","268,319","259,822",2015-05-14 17:56,강서구
15-Apr,9호선,4111,신목동,"114,389","97,981","114,389","97,981",2015-05-14 17:56,양천구
15-Apr,9호선,4119,흑석(중앙대입구),"338,816","339,669","338,816","339,669",2015-05-14 17:56,동작구
15-Apr,9호선,4115,여의도,"566,129","548,199","566,129","548,199",2015-05-14 17:56,영등포구
15-Apr,9호선,4118,노들,"126,327","102,034","126,327","102,034",2015-05-14 17:56,동작구
15-Apr,9호선,4122,신반포,"80,964","80,011","80,964","80,011",2015-05-14 17:56,서초구
15-Apr,9호선,4120,동작,"73,381","55,388","73,381","55,388",2015-05-14 17:56,동작구
15-Apr,9호선,4108,증미,"188,239","192,007","188,239","192,007",2015-05-14 17:56,강서구
15-Apr,9호선,4112,선유도,"190,460","189,577","190,460","189,577",2015-05-14 17:56,영등포구
15-Apr,9호선,4121,구반포,"82,162","86,730","82,162","86,730",2015-05-14 17:56,서초구
15-Apr,9호선,4116,샛강,"150,299","156,867","150,299","156,867",2015-05-14 17:56,영등포구
15-Apr,9호선,4101,개화,"174,106","103,970","174,106","103,970",2015-05-14 17:56,강서구
15-Apr,9호선,4104,신방화,"189,509","181,117","189,509","181,117",2015-05-14 17:56,강서구
15-Apr,9호선,4105,마곡나루,"51,005","47,017","51,005","47,017",2015-05-14 17:56,강서구
15-Apr,9호선,4102,김포공항,"240,951","283,396","240,951","283,396",2015-05-14 17:56,강서구
15-Apr,9호선,4117,노량진,"927,746","984,085","927,746","984,085",2015-05-14 17:56,동작구
15-Apr,9호선,4103,공항시장,"71,549","79,211","71,549","79,211",2015-05-14 17:56,강서구
15-Apr,9호선,4110,염창,"405,387","403,640","405,387","403,640",2015-05-14 17:56,강서구
15-Apr,9호선,4124,사평,"76,861","70,833","76,861","70,833",2015-05-14 17:56,서초구
15-Apr,9호선,4107,가양,"512,205","494,457","512,205","494,457",2015-05-14 17:56,강서구
15-Apr,9호선,4123,고속터미널,"422,398","473,920","422,398","473,920",2015-05-14 17:56,서초구
15-Apr,9호선,4114,국회의사당,"609,493","592,184","609,493","592,184",2015-05-14 17:56,영등포구
15-Apr,9호선2단계,4129,봉은사,"189,630","185,097","189,630","185,097",2015-05-14 17:56,강남구
15-Apr,9호선2단계,4128,삼성중앙,"82,433","79,700","82,433","79,700",2015-05-14 17:56,강남구
15-Apr,9호선2단계,4127,선정릉,"109,391","118,485","109,391","118,485",2015-05-14 17:56,강남구
15-Apr,9호선2단계,4126,언주,"134,675","124,224","134,675","124,224",2015-05-14 17:56,강남구
15-Apr,9호선2단계,4130,종합운동장,"95,421","73,907","95,421","73,907",2015-05-14 17:56,송파구
15-Apr,경부선,1727,두정,"215,473","246,636","215,473","246,636",2015-05-14 17:56,
15-Apr,경부선,1004,노량진,"1,175,357","1,153,348","1,175,357","1,153,348",2015-05-14 17:56,동작구
15-Apr,경부선,1701,구로,"612,862","648,295","612,862","648,295",2015-05-14 17:56,구로구
15-Apr,경부선,1707,명학,"325,125","327,262","325,125","327,262",2015-05-14 17:56,
15-Apr,경부선,1703,금천구청,"298,932","279,316","298,932","279,316",2015-05-14 17:56,금천구
15-Apr,경부선,1709,군포,"200,159","184,379","200,159","184,379",2015-05-14 17:56,
15-Apr,경부선,1725,성환,"180,589","172,725","180,589","172,725",2015-05-14 17:56,
15-Apr,경부선,1749,서동탄,"42,376","38,641","42,376","38,641",2015-05-14 17:56,
15-Apr,경부선,1715,세류,"118,981","110,810","118,981","110,810",2015-05-14 17:56,
15-Apr,경부선,1005,대방,"426,116","423,473","426,116","423,473",2015-05-14 17:56,영등포구
15-Apr,경부선,1724,평택,"415,275","412,540","415,275","412,540",2015-05-14 17:56,
15-Apr,경부선,1711,성균관대,"514,871","482,898","514,871","482,898",2015-05-14 17:56,
15-Apr,경부선,1723,지제,"22,268","21,689","22,268","21,689",2015-05-14 17:56,
15-Apr,경부선,1713,수원,"1,376,967","1,467,928","1,376,967","1,467,928",2015-05-14 17:56,
15-Apr,경부선,1722,서정리,"164,898","160,537","164,898","160,537",2015-05-14 17:56,
15-Apr,경부선,1001,서울역,33,0,33,0,2015-05-14 17:56,
15-Apr,경부선,1719,오산,"304,909","288,725","304,909","288,725",2015-05-14 17:56,
15-Apr,경부선,1003,용산,"941,787","953,037","941,787","953,037",2015-05-14 17:56,
15-Apr,경부선,1702,가산디지털단지,"485,452","576,189","485,452","576,189",2015-05-14 17:56,
15-Apr,경부선,1706,안양,"864,849","868,284","864,849","868,284",2015-05-14 17:56,
15-Apr,경부선,1720,진위,"44,930","40,162","44,930","40,162",2015-05-14 17:56,
15-Apr,경부선,1708,금정,"855,062","849,129","855,062","849,129",2015-05-14 17:56,
15-Apr,경부선,1704,석수,"338,498","305,312","338,498","305,312",2015-05-14 17:56,
15-Apr,경부선,1714,독산,"425,379","443,921","425,379","443,921",2015-05-14 17:56,
15-Apr,경부선,1007,신도림,13,0,13,0,2015-05-14 17:56,
15-Apr,경부선,1712,화서,"251,077","250,255","251,077","250,255",2015-05-14 17:56,
15-Apr,경부선,1716,병점,"500,225","496,631","500,225","496,631",2015-05-14 17:56,
15-Apr,경부선,1002,남영,"331,536","359,222","331,536","359,222",2015-05-14 17:56,
15-Apr,경부선,1710,의왕,"247,327","232,584","247,327","232,584",2015-05-14 17:56,
15-Apr,경부선,1717,세마,"67,322","61,288","67,322","61,288",2015-05-14 17:56,
15-Apr,경부선,1718,오산대,"100,309","100,116","100,309","100,116",2015-05-14 17:56,
15-Apr,경부선,1728,천안,"286,467","228,431","286,467","228,431",2015-05-14 17:56,
15-Apr,경부선,1729,당정,"224,272","217,301","224,272","217,301",2015-05-14 17:56,
15-Apr,경부선,1750,광명,"23,603","19,119","23,603","19,119",2015-05-14 17:56,
15-Apr,경부선,1032,신길,"301,509","239,084","301,509","239,084",2015-05-14 17:56,
15-Apr,경부선,1721,송탄,"129,717","124,400","129,717","124,400",2015-05-14 17:56,
15-Apr,경부선,1726,직산,"27,374","31,415","27,374","31,415",2015-05-14 17:56,
15-Apr,경부선,1705,관악,"234,845","212,355","234,845","212,355",2015-05-14 17:56,
15-Apr,경부선,1006,영등포,"1,321,457","1,418,149","1,321,457","1,418,149",2015-05-14 17:56,
15-Apr,경원선,1901,방학,"217,774","204,988","217,774","204,988",2015-05-14 17:56,
15-Apr,경원선,1902,도봉,"136,417","126,515","136,417","126,515",2015-05-14 17:56,
15-Apr,경원선,1906,의정부,"612,956","640,625","612,956","640,625",2015-05-14 17:56,
15-Apr,경원선,1012,응봉,"46,537","41,278","46,537","41,278",2015-05-14 17:56,
15-Apr,경원선,1013,왕십리,"460,346","476,741","460,346","476,741",2015-05-14 17:56,
15-Apr,경원선,1021,녹천,"125,398","98,318","125,398","98,318",2015-05-14 17:56,
15-Apr,경원선,1022,창동,2,0,2,0,2015-05-14 17:56,
15-Apr,경원선,1008,이촌,"121,420","90,275","121,420","90,275",2015-05-14 17:56,
15-Apr,경원선,1014,청량리(지상),"327,630","382,619","327,630","382,619",2015-05-14 17:56,
15-Apr,경원선,1915,동두천,"52,363","61,791","52,363","61,791",2015-05-14 17:56,
15-Apr,경원선,1009,서빙고,"53,196","54,618","53,196","54,618",2015-05-14 17:56,
15-Apr,경원선,1912,지행,"185,935","183,951","185,935","183,951",2015-05-14 17:56,
15-Apr,경원선,1909,양주,"251,311","221,264","251,311","221,264",2015-05-14 17:56,
15-Apr,경원선,1911,덕정,"212,843","201,425","212,843","201,425",2015-05-14 17:56,
15-Apr,경원선,1905,회룡,"310,658","284,632","310,658","284,632",2015-05-14 17:56,
15-Apr,경원선,1908,녹양,"130,451","114,311","130,451","114,311",2015-05-14 17:56,
15-Apr,경원선,1903,도봉산,"94,588","90,689","94,588","90,689",2015-05-14 17:56,
15-Apr,경원선,1017,신이문,"246,038","212,397","246,038","212,397",2015-05-14 17:56,
15-Apr,경원선,1018,석계,"303,674","331,337","303,674","331,337",2015-05-14 17:56,
15-Apr,경원선,1011,옥수,"1,461",988,"1,461",988,2015-05-14 17:56,
15-Apr,경원선,1913,동두천 중앙,"90,753","85,388","90,753","85,388",2015-05-14 17:56,
15-Apr,경원선,1916,소요산,"68,876","53,502","68,876","53,502",2015-05-14 17:56,
15-Apr,경원선,1020,월계,"169,075","154,602","169,075","154,602",2015-05-14 17:56,
15-Apr,경원선,1910,덕계,"54,943","50,730","54,943","50,730",2015-05-14 17:56,
15-Apr,경원선,1914,보산,"48,559","45,535","48,559","45,535",2015-05-14 17:56,
15-Apr,경원선,1904,망월사,"233,629","236,715","233,629","236,715",2015-05-14 17:56,
15-Apr,경원선,1016,외대앞,"345,672","321,853","345,672","321,853",2015-05-14 17:56,
15-Apr,경원선,1907,가능,"192,651","179,061","192,651","179,061",2015-05-14 17:56,
15-Apr,경원선,1010,한남,"101,169","102,475","101,169","102,475",2015-05-14 17:56,
15-Apr,경원선,1019,광운대,"296,986","273,446","296,986","273,446",2015-05-14 17:56,
15-Apr,경의선,1263,서강대,"49,627","52,005","49,627","52,005",2015-05-14 17:56,
15-Apr,경의선,1252,신촌,"23,836","29,911","23,836","29,911",2015-05-14 17:56,
15-Apr,경의선,1282,월롱,"67,508","75,990","67,508","75,990",2015-05-14 17:56,
15-Apr,경의선,1283,파주,"54,866","41,961","54,866","41,961",2015-05-14 17:56,
15-Apr,경의선,1266,디지털미디어시티,"57,436","53,402","57,436","53,402",2015-05-14 17:56,
15-Apr,경의선,1295,김포공항,3,0,3,0,2015-05-14 17:56,
15-Apr,경의선,1270,행신,"187,540","175,325","187,540","175,325",2015-05-14 17:56,
15-Apr,경의선,1265,가좌,"60,066","56,074","60,066","56,074",2015-05-14 17:56,
15-Apr,경의선,1280,금촌,"180,487","171,893","180,487","171,893",2015-05-14 17:56,
15-Apr,경의선,1278,운정,"139,671","127,116","139,671","127,116",2015-05-14 17:56,
15-Apr,경의선,1297,검암,5,0,5,0,2015-05-14 17:56,
15-Apr,경의선,1267,수색,"40,896","44,475","40,896","44,475",2015-05-14 17:56,
15-Apr,경의선,1268,화전,"87,785","83,178","87,785","83,178",2015-05-14 17:56,
15-Apr,경의선,1279,금릉,"125,450","122,425","125,450","122,425",2015-05-14 17:56,
15-Apr,경의선,1296,계양,2,0,2,0,2015-05-14 17:56,
15-Apr,경의선,1271,능곡,"86,820","77,711","86,820","77,711",2015-05-14 17:56,
15-Apr,경의선,1272,곡산,"11,407","11,513","11,407","11,513",2015-05-14 17:56,
15-Apr,경의선,1273,백마,"173,814","158,642","173,814","158,642",2015-05-14 17:56,
15-Apr,경의선,1275,일산,"237,438","227,807","237,438","227,807",2015-05-14 17:56,
15-Apr,경의선,1291,서울역,1,0,1,0,2015-05-14 17:56,
15-Apr,경의선,1262,공덕,"54,734","62,159","54,734","62,159",2015-05-14 17:56,
15-Apr,경의선,1251,서울역,"87,775","96,134","87,775","96,134",2015-05-14 17:56,
15-Apr,경의선,1264,홍대입구,"32,981","49,726","32,981","49,726",2015-05-14 17:56,
15-Apr,경의선,1269,강매,"52,976","45,393","52,976","45,393",2015-05-14 17:56,
15-Apr,경의선,1274,풍산,"110,814","102,305","110,814","102,305",2015-05-14 17:56,
15-Apr,경의선,1284,문산,"150,044","146,414","150,044","146,414",2015-05-14 17:56,
15-Apr,경의선,1276,탄현,"209,016","199,198","209,016","199,198",2015-05-14 17:56,
15-Apr,경인선,1815,부개,"292,289","271,166","292,289","271,166",2015-05-14 17:56,
15-Apr,경인선,1806,부평,"1,100,347","1,242,697","1,100,347","1,242,697",2015-05-14 17:56,
15-Apr,경인선,1802,오류동,"292,141","262,858","292,141","262,858",2015-05-14 17:56,
15-Apr,경인선,1807,백운,"239,716","237,322","239,716","237,322",2015-05-14 17:56,
15-Apr,경인선,1823,도화,"92,239","81,639","92,239","81,639",2015-05-14 17:56,
15-Apr,경인선,1809,주안,"888,895","892,404","888,895","892,404",2015-05-14 17:56,
15-Apr,경인선,1804,부천,"1,180,534","1,163,110","1,180,534","1,163,110",2015-05-14 17:56,
15-Apr,경인선,1811,동인천,"534,109","487,603","534,109","487,603",2015-05-14 17:56,
15-Apr,경인선,1816,간석,"171,028","163,398","171,028","163,398",2015-05-14 17:56,
15-Apr,경인선,1822,중동,"262,267","242,620","262,267","242,620",2015-05-14 17:56,
15-Apr,경인선,1810,제물포,"235,617","214,914","235,617","214,914",2015-05-14 17:56,
15-Apr,경인선,1801,개봉,"576,287","567,060","576,287","567,060",2015-05-14 17:56,
15-Apr,경인선,1803,역곡,"871,683","834,117","871,683","834,117",2015-05-14 17:56,
15-Apr,경인선,1817,도원,"104,519","106,930","104,519","106,930",2015-05-14 17:56,
15-Apr,경인선,1812,인천,"91,899","92,401","91,899","92,401",2015-05-14 17:56,
15-Apr,경인선,1808,동암,"704,820","686,406","704,820","686,406",2015-05-14 17:56,
15-Apr,경인선,1813,구일,"164,679","161,059","164,679","161,059",2015-05-14 17:56,
15-Apr,경인선,1821,온수,"200,671","189,416","200,671","189,416",2015-05-14 17:56,
15-Apr,경인선,1805,송내,"1,039,410","1,015,542","1,039,410","1,015,542",2015-05-14 17:56,
15-Apr,경인선,1814,소사,"353,704","348,094","353,704","348,094",2015-05-14 17:56,
15-Apr,경춘선,1325,백양리,"4,870","4,424","4,870","4,424",2015-05-14 17:56,
15-Apr,경춘선,1323,가평,"62,857","64,070","62,857","64,070",2015-05-14 17:56,
15-Apr,경춘선,1320,대성리,"39,271","39,716","39,271","39,716",2015-05-14 17:56,
15-Apr,경춘선,1327,김유정,"16,651","16,830","16,651","16,830",2015-05-14 17:56,
15-Apr,경춘선,1311,신내,"14,352","16,843","14,352","16,843",2015-05-14 17:56,
15-Apr,경춘선,1321,청평,"58,258","56,699","58,258","56,699",2015-05-14 17:56,
15-Apr,경춘선,1319,마석,"87,321","92,291","87,321","92,291",2015-05-14 17:56,
15-Apr,경춘선,1324,굴봉산,"6,544","7,347","6,544","7,347",2015-05-14 17:56,
15-Apr,경춘선,1315,사릉,"101,704","93,632","101,704","93,632",2015-05-14 17:56,
15-Apr,경춘선,1318,천마산,"22,830","21,515","22,830","21,515",2015-05-14 17:56,
15-Apr,경춘선,1316,금곡,"33,053","32,020","33,053","32,020",2015-05-14 17:56,
15-Apr,경춘선,1322,상천,"11,697","10,504","11,697","10,504",2015-05-14 17:56,
15-Apr,경춘선,1326,강촌,"30,317","28,419","30,317","28,419",2015-05-14 17:56,
15-Apr,경춘선,1328,남춘천,"89,986","94,039","89,986","94,039",2015-05-14 17:56,
15-Apr,경춘선,1312,갈매,"7,521","8,141","7,521","8,141",2015-05-14 17:56,
15-Apr,경춘선,1313,별내,"50,134","47,420","50,134","47,420",2015-05-14 17:56,
15-Apr,경춘선,1314,퇴계원,"89,571","79,293","89,571","79,293",2015-05-14 17:56,
15-Apr,경춘선,1329,춘천,"68,634","61,898","68,634","61,898",2015-05-14 17:56,
15-Apr,경춘선,1317,평내호평,"139,105","136,609","139,105","136,609",2015-05-14 17:56,
15-Apr,공항철도 1호선,4204,디지털미디어시티,"280,506","242,836","280,506","242,836",2015-05-14 17:56,
15-Apr,공항철도 1호선,4203,홍대입구,"206,972","190,495","206,972","190,495",2015-05-14 17:56,
15-Apr,공항철도 1호선,4213,인천국제공항,"307,431","295,208","307,431","295,208",2015-05-14 17:56,
15-Apr,공항철도 1호선,4201,서울역,"307,311","262,018","307,311","262,018",2015-05-14 17:56,
15-Apr,공항철도 1호선,4202,공덕,"38,816","46,564","38,816","46,564",2015-05-14 17:56,
15-Apr,공항철도 1호선,4211,운서,"148,408","147,893","148,408","147,893",2015-05-14 17:56,
15-Apr,공항철도 1호선,4212,공항화물청사,"61,979","64,453","61,979","64,453",2015-05-14 17:56,
15-Apr,공항철도 1호선,4209,검암,"473,136","432,291","473,136","432,291",2015-05-14 17:56,
15-Apr,공항철도 1호선,4210,청라국제도시,"123,260","112,657","123,260","112,657",2015-05-14 17:56,
15-Apr,공항철도 1호선,4208,계양,"302,821","279,632","302,821","279,632",2015-05-14 17:56,
15-Apr,공항철도 1호선,4207,김포공항,"239,365","172,135","239,365","172,135",2015-05-14 17:56,
15-Apr,과천선,1454,정부과천청사,"319,868","312,476","319,868","312,476",2015-05-14 17:56,
15-Apr,과천선,1453,과천,"149,111","127,346","149,111","127,346",2015-05-14 17:56,
15-Apr,과천선,1452,대공원,"240,335","248,901","240,335","248,901",2015-05-14 17:56,
15-Apr,과천선,1457,범계,"910,055","911,685","910,055","911,685",2015-05-14 17:56,
15-Apr,과천선,1451,경마공원,"196,873","202,633","196,873","202,633",2015-05-14 17:56,
15-Apr,과천선,1456,평촌,"407,302","395,905","407,302","395,905",2015-05-14 17:56,
15-Apr,과천선,1450,선바위,"263,097","216,994","263,097","216,994",2015-05-14 17:56,
15-Apr,과천선,1455,인덕원,"690,853","676,362","690,853","676,362",2015-05-14 17:56,
15-Apr,분당선,1853,모란,"622,846","575,712","622,846","575,712",2015-05-14 17:56,
15-Apr,분당선,1870,매탄권선,"121,739","114,239","121,739","114,239",2015-05-14 17:56,
15-Apr,분당선,1866,상갈,"133,524","127,430","133,524","127,430",2015-05-14 17:56,
15-Apr,분당선,1024,한티,"347,718","369,177","347,718","369,177",2015-05-14 17:56,
15-Apr,분당선,1857,정자,"412,978","462,795","412,978","462,795",2015-05-14 17:56,
15-Apr,분당선,1849,강남구청,"224,763","261,346","224,763","261,346",2015-05-14 17:56,
15-Apr,분당선,1847,서울숲,"187,228","184,415","187,228","184,415",2015-05-14 17:56,
15-Apr,분당선,1855,서현,"682,796","708,340","682,796","708,340",2015-05-14 17:56,
15-Apr,분당선,1852,태평,"374,471","355,675","374,471","355,675",2015-05-14 17:56,
15-Apr,분당선,1850,선정릉,"208,816","236,452","208,816","236,452",2015-05-14 17:56,
15-Apr,분당선,1027,개포동,"104,873","105,289","104,873","105,289",2015-05-14 17:56,
15-Apr,분당선,1863,구성,"129,811","128,524","129,811","128,524",2015-05-14 17:56,
15-Apr,분당선,1869,망포,"342,856","314,785","342,856","314,785",2015-05-14 17:56,
15-Apr,분당선,1868,영통,"257,793","268,370","257,793","268,370",2015-05-14 17:56,
15-Apr,분당선,1028,대모산입구,"101,397","90,624","101,397","90,624",2015-05-14 17:56,
15-Apr,분당선,1865,기흥,"237,698","225,344","237,698","225,344",2015-05-14 17:56,
15-Apr,분당선,1025,도곡,"149,965","160,400","149,965","160,400",2015-05-14 17:56,
15-Apr,분당선,1856,수내,"346,423","351,095","346,423","351,095",2015-05-14 17:56,
15-Apr,분당선,1858,미금,"556,677","579,768","556,677","579,768",2015-05-14 17:56,
15-Apr,분당선,1026,구룡,"53,662","53,152","53,662","53,152",2015-05-14 17:56,
15-Apr,분당선,1860,이매,"131,188","126,994","131,188","126,994",2015-05-14 17:56,
15-Apr,분당선,1848,압구정로데오,"401,680","458,204","401,680","458,204",2015-05-14 17:56,
15-Apr,분당선,1851,가천대,"350,173","400,989","350,173","400,989",2015-05-14 17:56,
15-Apr,분당선,1862,죽전,"606,031","659,296","606,031","659,296",2015-05-14 17:56,
15-Apr,분당선,1867,청명,"120,652","111,194","120,652","111,194",2015-05-14 17:56,
15-Apr,분당선,1871,수원시청,"275,290","308,272","275,290","308,272",2015-05-14 17:56,
15-Apr,분당선,1872,매교,"67,299","65,665","67,299","65,665",2015-05-14 17:56,
15-Apr,분당선,1861,보정,"70,606","53,185","70,606","53,185",2015-05-14 17:56,
15-Apr,분당선,1846,수원,"273,360","175,495","273,360","175,495",2015-05-14 17:56,
15-Apr,분당선,1859,오리,"408,036","341,111","408,036","341,111",2015-05-14 17:56,
15-Apr,분당선,1030,수서,"213,330","216,627","213,330","216,627",2015-05-14 17:56,
15-Apr,분당선,1023,선릉,"232,912","478,778","232,912","478,778",2015-05-14 17:56,
15-Apr,분당선,1031,복정,5,0,5,0,2015-05-14 17:56,
15-Apr,분당선,1854,야탑,"720,684","770,626","720,684","770,626",2015-05-14 17:56,
15-Apr,분당선,1864,신갈,"112,458","107,369","112,458","107,369",2015-05-14 17:56,
15-Apr,수인선,1879,월곶,"63,428","57,319","63,428","57,319",2015-05-14 17:56,
15-Apr,수인선,1884,원인재,"104,650","113,292","104,650","113,292",2015-05-14 17:56,
15-Apr,수인선,1878,달월,"1,620","1,523","1,620","1,523",2015-05-14 17:56,
15-Apr,수인선,1880,소래포구,"104,227","96,060","104,227","96,060",2015-05-14 17:56,
15-Apr,수인선,1883,남동인더스파크,"49,346","55,125","49,346","55,125",2015-05-14 17:56,
15-Apr,수인선,1882,호구포,"72,222","74,848","72,222","74,848",2015-05-14 17:56,
15-Apr,수인선,1886,송도,"100,608","100,318","100,608","100,318",2015-05-14 17:56,
15-Apr,수인선,1881,인천논현,"129,479","136,196","129,479","136,196",2015-05-14 17:56,
15-Apr,수인선,1885,연수,"90,850","85,386","90,850","85,386",2015-05-14 17:56,
15-Apr,안산선,1763,수리산,"126,074","99,256","126,074","99,256",2015-05-14 17:56,
15-Apr,안산선,1752,대야미,"108,610","96,547","108,610","96,547",2015-05-14 17:56,
15-Apr,안산선,1757,고잔,"264,714","259,602","264,714","259,602",2015-05-14 17:56,
15-Apr,안산선,1751,산본,"485,628","518,342","485,628","518,342",2015-05-14 17:56,
15-Apr,안산선,1756,중앙,"496,901","530,402","496,901","530,402",2015-05-14 17:56,
15-Apr,안산선,1754,상록수,"620,948","609,547","620,948","609,547",2015-05-14 17:56,
15-Apr,안산선,1762,오이도,"214,230","209,151","214,230","209,151",2015-05-14 17:56,
15-Apr,안산선,1758,초지,"163,370","162,244","163,370","162,244",2015-05-14 17:56,
15-Apr,안산선,1753,반월,"141,979","129,850","141,979","129,850",2015-05-14 17:56,
15-Apr,안산선,1755,한대앞,"293,445","286,639","293,445","286,639",2015-05-14 17:56,
15-Apr,안산선,1759,안산,"540,863","493,542","540,863","493,542",2015-05-14 17:56,
15-Apr,안산선,1761,정왕,"310,918","324,182","310,918","324,182",2015-05-14 17:56,
15-Apr,안산선,1760,신길온천,"49,285","44,014","49,285","44,014",2015-05-14 17:56,
15-Apr,일산선,1951,원당,"321,455","297,306","321,455","297,306",2015-05-14 17:56,
15-Apr,일산선,1954,백석,"267,994","258,919","267,994","258,919",2015-05-14 17:56,
15-Apr,일산선,1957,주엽,"205,175","206,152","205,175","206,152",2015-05-14 17:56,
15-Apr,일산선,1955,마두,"194,486","204,349","194,486","204,349",2015-05-14 17:56,
15-Apr,일산선,1952,화정,"501,274","522,982","501,274","522,982",2015-05-14 17:56,
15-Apr,일산선,1953,대곡,"36,473","25,991","36,473","25,991",2015-05-14 17:56,
15-Apr,일산선,1958,대화,"412,156","319,306","412,156","319,306",2015-05-14 17:56,
15-Apr,일산선,1956,정발산,"255,338","276,337","255,338","276,337",2015-05-14 17:56,
15-Apr,일산선,1950,삼송,"306,312","288,756","306,312","288,756",2015-05-14 17:56,
15-Apr,일산선,1948,원흥,"86,909","72,687","86,909","72,687",2015-05-14 17:56,
15-Apr,장항선,1401,봉명,"33,788","33,660","33,788","33,660",2015-05-14 17:56,
15-Apr,장항선,1408,신창,"87,073","84,106","87,073","84,106",2015-05-14 17:56,
15-Apr,장항선,1402,쌍용동,"92,757","85,152","92,757","85,152",2015-05-14 17:56,
15-Apr,장항선,1403,아산,"77,497","65,684","77,497","65,684",2015-05-14 17:56,
15-Apr,장항선,1407,온양온천,"105,430","105,891","105,430","105,891",2015-05-14 17:56,
15-Apr,장항선,1405,배방,"22,618","21,072","22,618","21,072",2015-05-14 17:56,
15-Apr,중앙선,1203,망우,"186,789","180,577","186,789","180,577",2015-05-14 17:56,
15-Apr,중앙선,1213,신원,"6,524","5,314","6,524","5,314",2015-05-14 17:56,
15-Apr,중앙선,1216,오빈,"7,264","7,222","7,264","7,222",2015-05-14 17:56,
15-Apr,중앙선,1214,국수,"22,573","20,600","22,573","20,600",2015-05-14 17:56,
15-Apr,중앙선,1219,용문,"56,188","55,878","56,188","55,878",2015-05-14 17:56,
15-Apr,중앙선,1209,도심,"62,147","50,070","62,147","50,070",2015-05-14 17:56,
15-Apr,중앙선,1215,아신,"22,567","23,122","22,567","23,122",2015-05-14 17:56,
15-Apr,중앙선,1218,원덕,"9,080","9,119","9,080","9,119",2015-05-14 17:56,
15-Apr,중앙선,1204,양원,"49,137","53,698","49,137","53,698",2015-05-14 17:56,
15-Apr,중앙선,1212,양수,"46,672","45,533","46,672","45,533",2015-05-14 17:56,
15-Apr,중앙선,1208,덕소,"152,666","158,108","152,666","158,108",2015-05-14 17:56,
15-Apr,중앙선,1207,양정,"20,109","16,770","20,109","16,770",2015-05-14 17:56,
15-Apr,중앙선,1205,구리,"346,494","368,159","346,494","368,159",2015-05-14 17:56,
15-Apr,중앙선,1217,양평,"89,248","89,052","89,248","89,052",2015-05-14 17:56,
15-Apr,중앙선,1201,중랑,"132,594","123,157","132,594","123,157",2015-05-14 17:56,
15-Apr,중앙선,1206,도농,"235,574","201,863","235,574","201,863",2015-05-14 17:56,
15-Apr,중앙선,1202,상봉,"137,426","136,314","137,426","136,314",2015-05-14 17:56,
15-Apr,중앙선,1210,팔당,"26,310","27,124","26,310","27,124",2015-05-14 17:56,
15-Apr,중앙선,1211,운길산,"36,248","32,572","36,248","32,572",2015-05-14 17:56,
15-Apr,중앙선,1015,회기,"876,431","860,028","876,431","860,028",2015-05-14 17:56,
